month,dom_ROI%
1,221.2807570977918
2,237.48310249307477
3,155.8768149882904
4,118.68321513002361
5,205.45575916230368
6,565.8222222222222
7,262.3151442307693
8,297.08394004282655
9,146.15472527472528
10,229.0235849056604
11,165.82982456140354
12,153.77545454545452
